identifier,title,body,target_group
post-001,Weekly Tips Batch 1,"Discover our latest productivity hacks to streamline your workflow and stay ahead of schedule.",Growth Hackers United
post-002,Weekly Tips Batch 2,"Learn how micro-breaks can boost creativity and reduce burnout during busy weeks.",Growth Hackers United
post-003,Weekly Tips Batch 3,"A quick checklist to prepare compelling social posts that resonate with your community.",Growth Hackers United
post-004,Weekly Tips Batch 4,"Five automation myths debunked to help you optimize your digital strategy.",Automation Innovators
post-005,Weekly Tips Batch 5,"See how consistent engagement analytics can sharpen your brand messaging.",Automation Innovators
post-006,Weekly Tips Batch 6,"Discover our playbook for launching campaigns with maximum reach.",Automation Innovators
post-007,Weekly Tips Batch 7,"A curated list of resources to accelerate your remote collaboration skills.",Remote Leaders Hub
post-008,Weekly Tips Batch 8,"Find the optimal posting cadence with these proven data-backed benchmarks.",Remote Leaders Hub
post-009,Weekly Tips Batch 9,"Use our storytelling formula to transform customer testimonials into action.",Remote Leaders Hub
post-010,Weekly Tips Batch 10,"Why audience listening is the missing ingredient in your social strategy.",Social Media Architects
post-011,Weekly Tips Batch 11,"Boost authenticity by pairing behind-the-scenes clips with curated copy.",Social Media Architects
post-012,Weekly Tips Batch 12,"Leverage micro-influencers to unlock high-converting community referrals.",Social Media Architects
post-013,Weekly Tips Batch 13,"Discover smarter ways to repurpose webinar content across platforms.",Content Remix Lab
post-014,Weekly Tips Batch 14,"Design attention-grabbing thumbnails using these layout principles.",Content Remix Lab
post-015,Weekly Tips Batch 15,"Turn data dashboards into stories your stakeholders can understand.",Content Remix Lab
post-016,Weekly Tips Batch 16,"Inside our automation stack: tools that keep campaigns resilient and compliant.",Automation Pioneers
post-017,Weekly Tips Batch 17,"Four guardrails for ethically scaling browser-based outreach.",Automation Pioneers
post-018,Weekly Tips Batch 18,"How randomized delays increase trust metrics on social platforms.",Automation Pioneers
post-019,Weekly Tips Batch 19,"Build a conversion-ready landing sequence using our template pack.",Growth Sprint Collective
post-020,Weekly Tips Batch 20,"Pair smart scheduling with manual touchpoints for balanced engagement.",Growth Sprint Collective
post-021,Weekly Tips Batch 21,"Create a library of evergreen content that adapts to seasonal trends.",Growth Sprint Collective
post-022,Weekly Tips Batch 22,"Learn to automate group discovery without sacrificing relevance.",Community Champions
post-023,Weekly Tips Batch 23,"Checklist: vetting new groups for compliance and fit before posting.",Community Champions
post-024,Weekly Tips Batch 24,"Master the art of respectful outreach with personalized openers.",Community Champions
post-025,Weekly Tips Batch 25,"Reboot your content calendar with data-driven decision trees.",Engagement Strategists
post-026,Weekly Tips Batch 26,"Nine angles to spotlight customer success without sounding repetitive.",Engagement Strategists
post-027,Weekly Tips Batch 27,"How to design experimentation frameworks that deliver faster learnings.",Engagement Strategists
post-028,Weekly Tips Batch 28,"Inject storytelling into your onboarding journey to increase retention.",Customer Journey Guild
post-029,Weekly Tips Batch 29,"Align internal teams with transparent campaign scorecards.",Customer Journey Guild
post-030,Weekly Tips Batch 30,"Refresh your community guidelines with these inclusive language tips.",Customer Journey Guild
post-031,Weekly Tips Batch 31,"Discover how browser automation can co-exist with manual community care.",Community Stewards
post-032,Weekly Tips Batch 32,"Map user questions to educational content to boost trust and loyalty.",Community Stewards
post-033,Weekly Tips Batch 33,"Humanize automation through thoughtful error handling and transparency.",Community Stewards
post-034,Weekly Tips Batch 34,"Layer campaign insights into your leadership updates for better buy-in.",Executive Brief Circle
post-035,Weekly Tips Batch 35,"Transform campaign retrospectives into actionable learning sprints.",Executive Brief Circle
post-036,Weekly Tips Batch 36,"Use scenario planning to safeguard against sudden platform changes.",Executive Brief Circle
post-037,Weekly Tips Batch 37,"Guide: building reusable snippets that stay on brand and adaptable.",Copywriters Collective
post-038,Weekly Tips Batch 38,"Craft stronger hooks with curiosity gaps that respect community norms.",Copywriters Collective
post-039,Weekly Tips Batch 39,"Translate complex product features into benefits your audience feels.",Copywriters Collective
post-040,Weekly Tips Batch 40,"Design posting cadences aligned with peak community activity windows.",Analytics Action Network
post-041,Weekly Tips Batch 41,"Implement health metrics to track automation quality and trust signals.",Analytics Action Network
post-042,Weekly Tips Batch 42,"Harness anomaly detection to identify performance spikes instantly.",Analytics Action Network
post-043,Weekly Tips Batch 43,"Repurpose FAQ responses into high-performing social carousels.",Support Heroes League
post-044,Weekly Tips Batch 44,"Four storytelling arcs to celebrate your community champions.",Support Heroes League
post-045,Weekly Tips Batch 45,"Why proactive listening amplifies every automation workflow.",Support Heroes League
post-046,Weekly Tips Batch 46,"Blueprint: orchestrating cross-platform campaigns with shared context.",Campaign Orchestrators
post-047,Weekly Tips Batch 47,"Improve response time by pairing automation with escalation playbooks.",Campaign Orchestrators
post-048,Weekly Tips Batch 48,"Establish a social crisis protocol before you ever need it.",Campaign Orchestrators
post-049,Weekly Tips Batch 49,"A/B test community prompts to discover the topics that spark conversation.",Dialogue Designers
post-050,Weekly Tips Batch 50,"Celebrate wins publicly to drive compound community momentum.",Dialogue Designers
post-051,Weekly Tips Batch 51,"Architect trust-driven onboarding sequences using progressive profiling.",Dialogue Designers
post-052,Weekly Tips Batch 52,"Build referral loops by rewarding micro-advocacy moments.",Advocacy Alliance
post-053,Weekly Tips Batch 53,"Turn analytics dashboards into daily habit loops for your team.",Advocacy Alliance
post-054,Weekly Tips Batch 54,"Deploy modular content blocks that adapt to evolving narratives.",Advocacy Alliance
post-055,Weekly Tips Batch 55,"Double down on accessibility to expand your community reach responsibly.",Inclusive Innovators
post-056,Weekly Tips Batch 56,"How to preserve authenticity with automation guardrails.",Inclusive Innovators
post-057,Weekly Tips Batch 57,"Create trust checkpoints to monitor platform policy updates.",Inclusive Innovators
post-058,Weekly Tips Batch 58,"Using sentiment analysis to refine your messaging tone in real time.",Insight Builders Circle
post-059,Weekly Tips Batch 59,"Calibrate automation intensity with manual feedback cycles.",Insight Builders Circle
post-060,Weekly Tips Batch 60,"Bundle small wins into monthly highlight reels to energize teams.",Insight Builders Circle
